source_file,label,window_start,window_index,total_packets,packet_rate,avg_packet_size,std_packet_size,arp_requests,arp_replies,arp_request_rate,arp_reply_rate,arp_reply_request_ratio,unique_arp_sources,unique_arp_targets,gratuitous_arp_count,unique_src_ip,unique_dst_ip,unique_src_mac,unique_dst_mac,duplicate_ip_mac_count,new_ip_mac_mapping_count,broadcast_count,broadcast_rate,broadcast_ratio,tcp_count,udp_count,icmp_count,other_count,tcp_rate,udp_rate,icmp_rate,tcp_syn_count,tcp_syn_rate,tcp_syn_ratio,tcp_synack_count,tcp_half_open_ratio,icmp_echo_request_count,icmp_echo_reply_count,unique_dst_ports,max_dst_ports_per_src,max_dst_ips_per_src
normal.pcapng,NORMAL,0.0,0,8,1.6,70.25,12.204,1,0,0.2,0.0,0.0,1,1,0,0,0,2,4,0,0,1,0.2,0.125,0,0,0,7,0.0,0.0,0.0,0,0.0,0.0,0,0.0,0,0,0,0,0
normal.pcapng,NORMAL,5.0,1,31,6.2,136.806,274.675,5,0,1.0,0.0,0.0,1,2,0,4,4,4,8,0,0,5,1.0,0.161,12,1,0,13,2.4,0.2,0.0,0,0.0,0.0,0,0.0,0,0,5,2,2
normal.pcapng,NORMAL,10.0,2,44,8.8,163.341,257.46,5,0,1.0,0.0,0.0,1,2,0,2,2,3,6,0,0,5,1.0,0.114,27,0,0,12,5.4,0.0,0.0,0,0.0,0.0,0,0.0,0,0,2,1,1
normal.pcapng,NORMAL,15.0,3,3652,730.4,1338.906,270.975,7,0,1.4,0.0,0.0,1,2,0,4,5,4,9,0,0,7,1.4,0.002,2,4,0,3639,0.4,0.8,0.0,0,0.0,0.0,0,0.0,0,0,4,2,2
normal.pcapng,NORMAL,20.0,4,48,9.6,144.562,285.643,9,1,1.8,0.2,0.111,2,4,0,4,3,5,8,0,0,8,1.6,0.167,19,0,0,19,3.8,0.0,0.0,0,0.0,0.0,0,0.0,0,0,2,1,1
normal.pcapng,NORMAL,25.0,5,25,5.0,115.56,165.422,5,0,1.0,0.0,0.0,1,1,0,3,3,3,6,0,0,5,1.0,0.2,9,0,0,11,1.8,0.0,0.0,0,0.0,0.0,0,0.0,0,0,4,2,2
normal.pcapng,NORMAL,30.0,6,1402,280.4,1222.688,444.406,8,0,1.6,0.0,0.0,1,2,0,2,2,5,7,0,0,8,1.6,0.006,17,0,0,1377,3.4,0.0,0.0,0,0.0,0.0,0,0.0,0,0,2,1,1
normal.pcapng,NORMAL,35.0,7,734,146.8,2826.046,6143.369,4,0,0.8,0.0,0.0,1,2,0,6,6,4,7,0,0,4,0.8,0.005,228,71,0,431,45.6,14.2,0.0,0,0.0,0.0,0,0.0,0,0,16,9,5
normal.pcapng,NORMAL,40.0,8,149,29.8,333.658,575.681,6,0,1.2,0.0,0.0,1,2,0,4,4,3,6,0,0,6,1.2,0.04,54,19,0,70,10.8,3.8,0.0,0,0.0,0.0,0,0.0,0,0,7,3,3
normal.pcapng,NORMAL,45.0,9,146,29.2,304.822,578.71,8,1,1.6,0.2,0.125,2,4,0,7,7,4,8,0,0,7,1.4,0.048,72,42,0,23,14.4,8.4,0.0,2,0.4,0.028,2,0.5,0,0,11,3,5
normal.pcapng,NORMAL,50.0,10,7698,1539.6,1221.887,1999.511,6,0,1.2,0.0,0.0,2,2,0,17,18,6,9,0,0,6,1.2,0.001,722,687,0,6283,144.4,137.4,0.0,14,2.8,0.019,15,0.483,0,0,77,48,16
normal.pcapng,NORMAL,55.0,11,156,31.2,447.731,559.577,12,0,2.4,0.0,0.0,1,3,0,8,8,4,7,0,0,12,2.4,0.077,55,31,0,58,11.0,6.2,0.0,0,0.0,0.0,0,0.0,0,0,10,3,7
normal.pcapng,NORMAL,60.0,12,84,16.8,232.845,402.318,9,0,1.8,0.0,0.0,1,3,0,6,6,6,9,0,0,9,1.8,0.107,26,12,0,37,5.2,2.4,0.0,0,0.0,0.0,0,0.0,0,0,11,4,4
normal.pcapng,NORMAL,65.0,13,674,134.8,465.349,500.608,6,1,1.2,0.2,0.167,2,4,0,3,3,3,6,0,0,5,1.0,0.007,643,8,0,16,128.6,1.6,0.0,0,0.0,0.0,0,0.0,0,0,3,1,2
normal.pcapng,NORMAL,70.0,14,704,140.8,594.754,582.141,8,0,1.6,0.0,0.0,1,2,0,7,7,3,6,0,0,8,1.6,0.011,460,37,0,199,92.0,7.4,0.0,0,0.0,0.0,0,0.0,0,0,13,4,6
normal.pcapng,NORMAL,75.0,15,2908,581.6,931.996,798.887,6,0,1.2,0.0,0.0,1,2,0,13,14,4,7,0,0,6,1.2,0.002,548,439,0,1915,109.6,87.8,0.0,5,1.0,0.009,5,0.5,0,0,30,15,13
normal.pcapng,NORMAL,80.0,16,2651,530.2,862.195,608.809,7,0,1.4,0.0,0.0,1,2,0,13,14,3,7,0,0,7,1.4,0.003,630,474,0,1540,126.0,94.8,0.0,2,0.4,0.003,2,0.5,0,0,37,19,13
normal.pcapng,NORMAL,85.0,17,3872,774.4,1534.629,3032.718,6,0,1.2,0.0,0.0,1,2,0,10,11,4,8,0,0,6,1.2,0.002,259,50,0,3557,51.8,10.0,0.0,1,0.2,0.004,1,0.5,0,0,22,9,9
normal.pcapng,NORMAL,90.0,18,6545,1309.0,3392.626,5855.584,7,1,1.4,0.2,0.143,2,4,0,12,12,3,5,0,0,6,1.2,0.001,3244,91,0,3202,648.8,18.2,0.0,37,7.4,0.011,34,0.521,0,0,58,13,11
normal.pcapng,NORMAL,95.0,19,2198,439.6,1201.299,466.373,8,0,1.6,0.0,0.0,1,2,0,5,5,3,4,0,0,8,1.6,0.004,21,4,0,2165,4.2,0.8,0.0,0,0.0,0.0,3,0.0,0,0,8,3,4
normal.pcapng,NORMAL,100.0,20,1828,365.6,1229.982,437.185,6,0,1.2,0.0,0.0,1,2,0,7,7,3,5,0,0,6,1.2,0.003,30,0,0,1792,6.0,0.0,0.0,0,0.0,0.0,0,0.0,0,0,14,4,6
normal.pcapng,NORMAL,105.0,21,4,0.8,66.75,11.121,2,0,0.4,0.0,0.0,1,2,0,0,0,2,3,0,0,2,0.4,0.5,0,0,0,2,0.0,0.0,0.0,0,0.0,0.0,0,0.0,0,0,0,0,0
normal1.pcapng,NORMAL,0.0,0,7,1.4,467.286,944.138,0,0,0.0,0.0,0.0,0,0,0,1,1,4,3,0,0,0,0.0,0.0,1,0,0,6,0.2,0.0,0.0,0,0.0,0.0,0,0.0,0,0,1,1,1
normal1.pcapng,NORMAL,5.0,1,10,2.0,83.8,31.748,0,0,0.0,0.0,0.0,0,0,0,1,2,4,6,0,0,0,0.0,0.0,0,2,0,8,0.0,0.4,0.0,0,0.0,0.0,0,0.0,0,0,2,2,2
normal1.pcapng,NORMAL,10.0,2,178,35.6,382.051,785.041,0,0,0.0,0.0,0.0,0,0,0,3,3,3,3,0,0,0,0.0,0.0,18,24,0,136,3.6,4.8,0.0,1,0.2,0.056,1,0.5,0,0,9,6,2
normal1.pcapng,NORMAL,15.0,3,8,1.6,64.75,13.691,1,1,0.2,0.2,1.0,2,2,0,0,0,3,3,0,0,0,0.0,0.0,0,0,0,6,0.0,0.0,0.0,0,0.0,0.0,0,0.0,0,0,0,0,0
normal1.pcapng,NORMAL,20.0,4,4,0.8,61,0.0,0,0,0.0,0.0,0.0,0,0,0,0,0,1,1,0,0,0,0.0,0.0,0,0,0,4,0.0,0.0,0.0,0,0.0,0.0,0,0.0,0,0,0,0,0
normal1.pcapng,NORMAL,25.0,5,325,65.0,426.649,607.238,0,0,0.0,0.0,0.0,0,0,0,2,2,3,3,0,0,0,0.0,0.0,0,16,0,309,0.0,3.2,0.0,0,0.0,0.0,0,0.0,0,0,5,4,1
normal1.pcapng,NORMAL,30.0,6,4316,863.2,1119.46,568.839,0,0,0.0,0.0,0.0,0,0,0,3,3,3,3,0,0,0,0.0,0.0,0,94,0,4222,0.0,18.8,0.0,0,0.0,0.0,0,0.0,0,0,21,18,2
normal1.pcapng,NORMAL,35.0,7,1817,363.4,1007.833,612.755,0,0,0.0,0.0,0.0,0,0,0,3,3,3,3,0,0,0,0.0,0.0,31,28,0,1758,6.2,5.6,0.0,2,0.4,0.065,2,0.5,0,0,11,7,2
normal1.pcapng,NORMAL,40.0,8,4776,955.2,1534.585,2678.305,0,0,0.0,0.0,0.0,0,0,0,2,2,3,3,0,0,0,0.0,0.0,0,20,0,4756,0.0,4.0,0.0,0,0.0,0.0,0,0.0,0,0,6,5,1
normal1.pcapng,NORMAL,45.0,9,650,130.0,883.635,1530.011,0,0,0.0,0.0,0.0,0,0,0,4,4,4,3,0,0,0,0.0,0.0,26,46,0,578,5.2,9.2,0.0,1,0.2,0.038,1,0.5,0,0,10,5,3
normal1.pcapng,NORMAL,50.0,10,53,10.6,312.472,476.986,1,1,0.2,0.2,1.0,2,2,0,0,0,4,3,0,0,0,0.0,0.0,0,0,0,51,0.0,0.0,0.0,0,0.0,0.0,0,0.0,0,0,0,0,0
normal1.pcapng,NORMAL,55.0,11,628,125.6,1265.053,388.97,0,0,0.0,0.0,0.0,0,0,0,0,0,3,3,0,0,0,0.0,0.0,0,0,0,628,0.0,0.0,0.0,0,0.0,0.0,0,0.0,0,0,0,0,0
normal1.pcapng,NORMAL,60.0,12,102,20.4,420.843,675.797,0,0,0.0,0.0,0.0,0,0,0,2,2,4,4,0,0,0,0.0,0.0,0,4,0,98,0.0,0.8,0.0,0,0.0,0.0,0,0.0,0,0,2,1,1
normal1.pcapng,NORMAL,65.0,13,18,3.6,204.667,346.155,0,0,0.0,0.0,0.0,0,0,0,0,0,3,3,0,0,0,0.0,0.0,0,0,0,18,0.0,0.0,0.0,0,0.0,0.0,0,0.0,0,0,0,0,0
normal1.pcapng,NORMAL,70.0,14,381,76.2,793.357,621.924,0,0,0.0,0.0,0.0,0,0,0,3,3,3,3,0,0,0,0.0,0.0,3,4,0,374,0.6,0.8,0.0,0,0.0,0.0,0,0.0,0,0,4,2,2
normal1.pcapng,NORMAL,75.0,15,150,30.0,1027.407,583.274,1,1,0.2,0.2,1.0,2,2,0,0,0,3,3,0,0,0,0.0,0.0,0,0,0,148,0.0,0.0,0.0,0,0.0,0.0,0,0.0,0,0,0,0,0
normal1.pcapng,NORMAL,80.0,16,721,144.2,1233.449,430.775,0,0,0.0,0.0,0.0,0,0,0,0,0,3,3,0,0,0,0.0,0.0,0,0,0,721,0.0,0.0,0.0,0,0.0,0.0,0,0.0,0,0,0,0,0
normal1.pcapng,NORMAL,85.0,17,31,6.2,320.065,483.334,0,0,0.0,0.0,0.0,0,0,0,0,0,4,3,0,0,0,0.0,0.0,0,0,0,31,0.0,0.0,0.0,0,0.0,0.0,0,0.0,0,0,0,0,0
normal1.pcapng,NORMAL,90.0,18,517,103.4,1178.816,490.794,0,0,0.0,0.0,0.0,0,0,0,1,1,4,3,0,0,0,0.0,0.0,1,0,0,516,0.2,0.0,0.0,0,0.0,0.0,0,0.0,0,0,1,1,1
normal1.pcapng,NORMAL,95.0,19,41,8.2,235.585,470.997,0,0,0.0,0.0,0.0,0,0,0,2,2,3,3,0,0,0,0.0,0.0,0,4,0,37,0.0,0.8,0.0,0,0.0,0.0,0,0.0,0,0,2,1,1
normal1.pcapng,NORMAL,100.0,20,2482,496.4,1097.366,544.429,1,1,0.2,0.2,1.0,2,2,0,6,6,4,5,0,0,0,0.0,0.0,7,68,0,2405,1.4,13.6,0.0,0,0.0,0.0,0,0.0,0,0,20,14,4
normal1.pcapng,NORMAL,105.0,21,2691,538.2,1264.529,1100.849,0,0,0.0,0.0,0.0,0,0,0,3,3,4,5,0,0,0,0.0,0.0,0,17,0,2674,0.0,3.4,0.0,0,0.0,0.0,0,0.0,0,0,6,4,1
normal1.pcapng,NORMAL,110.0,22,1321,264.2,2931.201,7234.414,0,0,0.0,0.0,0.0,0,0,0,2,2,4,3,0,0,0,0.0,0.0,0,12,0,1309,0.0,2.4,0.0,0,0.0,0.0,0,0.0,0,0,4,3,1
normal1.pcapng,NORMAL,115.0,23,6400,1280.0,1303.064,1415.294,0,0,0.0,0.0,0.0,0,0,0,3,3,4,3,0,0,0,0.0,0.0,1,4,0,6395,0.2,0.8,0.0,0,0.0,0.0,0,0.0,0,0,3,1,1
normal1.pcapng,NORMAL,120.0,24,150,30.0,895.747,542.094,0,0,0.0,0.0,0.0,0,0,0,1,1,4,5,0,0,0,0.0,0.0,0,3,0,147,0.0,0.6,0.0,0,0.0,0.0,0,0.0,0,0,1,1,1
normal1.pcapng,NORMAL,125.0,25,3861,772.2,1209.321,375.037,0,0,0.0,0.0,0.0,0,0,0,2,2,3,3,0,0,0,0.0,0.0,0,4,0,3857,0.0,0.8,0.0,0,0.0,0.0,0,0.0,0,0,2,1,1
normal1.pcapng,NORMAL,130.0,26,3420,684.0,1190.516,360.66,0,0,0.0,0.0,0.0,0,0,0,2,2,3,3,0,0,0,0.0,0.0,3,0,0,3417,0.6,0.0,0.0,0,0.0,0.0,0,0.0,0,0,2,1,1
normal1.pcapng,NORMAL,135.0,27,1054,210.8,1189.941,504.236,1,1,0.2,0.2,1.0,2,2,0,1,4,4,3,0,0,0,0.0,0.0,6,0,0,1046,1.2,0.0,0.0,0,0.0,0.0,0,0.0,0,0,1,1,4
normal1.pcapng,NORMAL,140.0,28,58,11.6,733.121,1891.383,0,0,0.0,0.0,0.0,0,0,0,1,4,4,3,0,0,0,0.0,0.0,7,0,0,51,1.4,0.0,0.0,0,0.0,0.0,0,0.0,0,0,1,1,4
normal1.pcapng,NORMAL,145.0,29,1496,299.2,1260.422,438.538,0,0,0.0,0.0,0.0,0,0,0,1,1,4,3,0,0,0,0.0,0.0,11,0,0,1485,2.2,0.0,0.0,0,0.0,0.0,0,0.0,0,0,1,1,1
normal1.pcapng,NORMAL,150.0,30,941,188.2,1210.14,469.68,0,0,0.0,0.0,0.0,0,0,0,1,5,4,8,0,0,20,4.0,0.021,2,35,0,904,0.4,7.0,0.0,0,0.0,0.0,0,0.0,0,0,7,7,5
normal1.pcapng,NORMAL,155.0,31,1320,264.0,1165.629,513.107,0,0,0.0,0.0,0.0,0,0,0,3,7,4,8,0,0,40,8.0,0.03,12,50,0,1258,2.4,10.0,0.0,0,0.0,0.0,0,0.0,0,0,8,7,5
normal1.pcapng,NORMAL,160.0,32,969,193.8,1452.332,1757.395,0,0,0.0,0.0,0.0,0,0,0,3,7,4,6,0,0,20,4.0,0.021,56,25,0,888,11.2,5.0,0.0,0,0.0,0.0,0,0.0,0,0,6,5,5
normal1.pcapng,NORMAL,165.0,33,1012,202.4,1425.133,2382.337,0,0,0.0,0.0,0.0,0,0,0,1,7,4,7,0,0,40,8.0,0.04,53,45,0,914,10.6,9.0,0.0,0,0.0,0.0,0,0.0,0,0,5,5,7
normal1.pcapng,NORMAL,170.0,34,1383,276.6,1187.34,551.737,0,0,0.0,0.0,0.0,0,0,0,1,2,4,6,0,0,0,0.0,0.0,7,1,0,1375,1.4,0.2,0.0,0,0.0,0.0,0,0.0,0,0,2,2,2
normal1.pcapng,NORMAL,175.0,35,240,48.0,1034.912,585.097,0,0,0.0,0.0,0.0,0,0,0,0,0,3,3,0,0,0,0.0,0.0,0,0,0,240,0.0,0.0,0.0,0,0.0,0.0,0,0.0,0,0,0,0,0
normal1.pcapng,NORMAL,180.0,36,1514,302.8,1189.82,477.804,0,0,0.0,0.0,0.0,0,0,0,2,2,3,3,0,0,0,0.0,0.0,7,0,0,1507,1.4,0.0,0.0,0,0.0,0.0,0,0.0,0,0,2,1,1
normal1.pcapng,NORMAL,185.0,37,1191,238.2,1209.1,459.77,2,2,0.4,0.4,1.0,2,2,0,2,2,3,3,0,0,0,0.0,0.0,0,4,0,1183,0.0,0.8,0.0,0,0.0,0.0,0,0.0,0,0,2,1,1
normal1.pcapng,NORMAL,190.0,38,31,6.2,380,513.61,0,0,0.0,0.0,0.0,0,0,0,0,0,3,3,0,0,0,0.0,0.0,0,0,0,31,0.0,0.0,0.0,0,0.0,0.0,0,0.0,0,0,0,0,0
normal1.pcapng,NORMAL,195.0,39,1106,221.2,1242.014,421.873,0,0,0.0,0.0,0.0,0,0,0,0,0,3,3,0,0,0,0.0,0.0,0,0,0,1106,0.0,0.0,0.0,0,0.0,0.0,0,0.0,0,0,0,0,0
normal1.pcapng,NORMAL,200.0,40,9,1.8,84.667,20.966,0,0,0.0,0.0,0.0,0,0,0,0,0,3,3,0,0,0,0.0,0.0,0,0,0,9,0.0,0.0,0.0,0,0.0,0.0,0,0.0,0,0,0,0,0
normal2.pcapng,NORMAL,0.0,0,30,6.0,235.2,382.386,0,0,0.0,0.0,0.0,0,0,0,5,5,2,2,0,1,0,0.0,0.0,14,16,0,0,2.8,3.2,0.0,0,0.0,0.0,0,0.0,0,0,6,2,4
normal2.pcapng,NORMAL,5.0,1,2,0.4,66,0.0,0,0,0.0,0.0,0.0,0,0,0,2,2,2,2,0,0,0,0.0,0.0,2,0,0,0,0.4,0.0,0.0,0,0.0,0.0,0,0.0,0,0,2,1,1
normal2.pcapng,NORMAL,10.0,2,51,10.2,343.431,528.701,0,0,0.0,0.0,0.0,0,0,0,3,3,2,2,0,0,0,0.0,0.0,19,32,0,0,3.8,6.4,0.0,1,0.2,0.053,1,0.5,0,0,5,2,2
normal2.pcapng,NORMAL,15.0,3,57,11.4,1040.14,562.158,0,0,0.0,0.0,0.0,0,0,0,3,3,2,2,0,0,0,0.0,0.0,2,55,0,0,0.4,11.0,0.0,0,0.0,0.0,0,0.0,0,0,3,1,2
normal2.pcapng,NORMAL,20.0,4,8,1.6,380,514.537,0,0,0.0,0.0,0.0,0,0,0,2,2,2,2,0,0,0,0.0,0.0,0,8,0,0,0.0,1.6,0.0,0,0.0,0.0,0,0.0,0,0,2,1,1
normal2.pcapng,NORMAL,25.0,5,4,0.8,2117.5,2780.857,0,0,0.0,0.0,0.0,0,0,0,3,3,3,2,0,1,0,0.0,0.0,4,0,0,0,0.8,0.0,0.0,0,0.0,0.0,0,0.0,0,0,2,1,1
normal2.pcapng,NORMAL,30.0,6,19,3.8,202.211,366.716,0,0,0.0,0.0,0.0,0,0,0,3,3,2,2,0,0,0,0.0,0.0,11,8,0,0,2.2,1.6,0.0,0,0.0,0.0,0,0.0,0,0,3,1,2
normal2.pcapng,NORMAL,35.0,7,6,1.2,79,18.385,0,0,0.0,0.0,0.0,0,0,0,3,3,2,2,0,0,0,0.0,0.0,6,0,0,0,1.2,0.0,0.0,0,0.0,0.0,0,0.0,0,0,3,1,2
normal2.pcapng,NORMAL,40.0,8,45,9.0,400.756,504.07,0,0,0.0,0.0,0.0,0,0,0,5,5,2,2,0,0,0,0.0,0.0,7,38,0,0,1.4,7.6,0.0,0,0.0,0.0,0,0.0,0,0,7,2,4
normal2.pcapng,NORMAL,45.0,9,86,17.2,381.395,629.512,0,0,0.0,0.0,0.0,0,0,0,6,8,2,2,0,0,0,0.0,0.0,56,30,0,0,11.2,6.0,0.0,2,0.4,0.036,2,0.5,0,0,13,5,7
normal2.pcapng,NORMAL,50.0,10,475,95.0,410.333,659.268,0,0,0.0,0.0,0.0,0,0,0,24,24,2,2,0,0,0,0.0,0.0,246,229,0,0,49.2,45.8,0.0,10,2.0,0.041,10,0.5,0,0,43,19,23
normal2.pcapng,NORMAL,55.0,11,2403,480.6,735.378,1433.311,0,0,0.0,0.0,0.0,0,0,0,60,60,2,2,0,0,0,0.0,0.0,1570,833,0,0,314.0,166.6,0.0,37,7.4,0.024,37,0.5,0,0,124,53,59
normal2.pcapng,NORMAL,60.0,12,1214,242.8,706.477,645.998,0,0,0.0,0.0,0.0,0,0,0,29,29,2,2,0,0,0,0.0,0.0,268,946,0,0,53.6,189.2,0.0,10,2.0,0.037,10,0.5,0,0,53,17,28
normal2.pcapng,NORMAL,65.0,13,160,32.0,307.775,468.184,0,0,0.0,0.0,0.0,0,0,0,12,12,2,2,0,0,0,0.0,0.0,82,78,0,0,16.4,15.6,0.0,4,0.8,0.049,4,0.5,0,0,18,5,11
normal2.pcapng,NORMAL,70.0,14,255,51.0,721.949,677.942,0,0,0.0,0.0,0.0,0,0,0,13,13,2,2,0,0,0,0.0,0.0,87,168,0,0,17.4,33.6,0.0,3,0.6,0.034,4,0.429,0,0,17,4,12
normal3.pcapng,NORMAL,0.0,0,2,0.4,4178.5,2664.5,0,0,0.0,0.0,0.0,0,0,0,1,1,1,1,0,1,0,0.0,0.0,2,0,0,0,0.4,0.0,0.0,0,0.0,0.0,0,0.0,0,0,1,1,1
normal3.pcapng,NORMAL,5.0,1,34,6.8,441.735,515.359,0,0,0.0,0.0,0.0,0,0,0,3,3,2,2,0,1,0,0.0,0.0,0,34,0,0,0.0,6.8,0.0,0,0.0,0.0,0,0.0,0,0,4,2,2
normal3.pcapng,NORMAL,10.0,2,32,6.4,232.156,325.071,1,1,0.2,0.2,1.0,2,2,0,4,4,2,2,0,1,0,0.0,0.0,23,7,0,0,4.6,1.4,0.0,1,0.2,0.043,1,0.5,0,0,5,2,3
normal3.pcapng,NORMAL,15.0,3,1932,386.4,1310.264,4051.358,0,0,0.0,0.0,0.0,0,0,0,17,18,2,2,0,0,0,0.0,0.0,795,1137,0,0,159.0,227.4,0.0,19,3.8,0.024,20,0.487,0,0,59,25,17
normal3.pcapng,NORMAL,20.0,4,2826,565.2,945.601,653.651,0,0,0.0,0.0,0.0,0,0,0,19,20,2,2,0,0,0,0.0,0.0,782,2044,0,0,156.4,408.8,0.0,3,0.6,0.004,3,0.5,0,0,23,5,19
normal3.pcapng,NORMAL,25.0,5,282,56.4,723.791,702.869,0,0,0.0,0.0,0.0,0,0,0,9,10,2,2,0,0,0,0.0,0.0,171,111,0,0,34.2,22.2,0.0,0,0.0,0.0,0,0.0,0,0,12,3,9
normal3.pcapng,NORMAL,30.0,6,509,101.8,824.996,944.582,0,0,0.0,0.0,0.0,0,0,0,9,9,3,2,0,0,0,0.0,0.0,254,255,0,0,50.8,51.0,0.0,2,0.4,0.008,2,0.5,0,0,11,3,7
normal3.pcapng,NORMAL,35.0,7,226,45.2,594.279,836.954,0,0,0.0,0.0,0.0,0,0,0,9,9,2,2,0,0,0,0.0,0.0,212,14,0,0,42.4,2.8,0.0,0,0.0,0.0,0,0.0,0,0,11,2,8
normal3.pcapng,NORMAL,40.0,8,27,5.4,370.444,783.603,0,0,0.0,0.0,0.0,0,0,0,4,4,2,2,0,0,0,0.0,0.0,21,6,0,0,4.2,1.2,0.0,1,0.2,0.048,1,0.5,0,0,5,2,3
normal3.pcapng,NORMAL,45.0,9,84,16.8,312.179,409.432,0,0,0.0,0.0,0.0,0,0,0,8,8,2,2,0,0,0,0.0,0.0,68,16,0,0,13.6,3.2,0.0,1,0.2,0.015,1,0.5,0,0,11,3,7
normal3.pcapng,NORMAL,50.0,10,2205,441.0,1181.541,1875.5,0,0,0.0,0.0,0.0,0,0,0,18,18,2,2,0,0,0,0.0,0.0,1057,1148,0,0,211.4,229.6,0.0,27,5.4,0.026,27,0.5,0,0,54,18,17
normal3.pcapng,NORMAL,55.0,11,381,76.2,816.01,1805.761,0,0,0.0,0.0,0.0,0,0,0,14,14,2,2,0,0,0,0.0,0.0,279,102,0,0,55.8,20.4,0.0,8,1.6,0.029,8,0.5,0,0,28,6,13
normal3.pcapng,NORMAL,60.0,12,143,28.6,1029.748,1865.784,0,0,0.0,0.0,0.0,0,0,0,4,4,2,2,0,0,0,0.0,0.0,138,5,0,0,27.6,1.0,0.0,0,0.0,0.0,0,0.0,0,0,4,1,3
normal3.pcapng,NORMAL,65.0,13,70,14.0,1438.843,2842.316,0,0,0.0,0.0,0.0,0,0,0,9,9,3,2,0,0,0,0.0,0.0,65,5,0,0,13.0,1.0,0.0,0,0.0,0.0,0,0.0,0,0,10,2,7
normal3.pcapng,NORMAL,70.0,14,38,7.6,284.237,416.108,0,0,0.0,0.0,0.0,0,0,0,5,5,2,2,0,0,0,0.0,0.0,12,26,0,0,2.4,5.2,0.0,0,0.0,0.0,0,0.0,0,0,6,2,4
normal4.pcapng,NORMAL,0.0,0,166,33.2,424.976,1073.625,0,0,0.0,0.0,0.0,0,0,0,6,6,2,2,0,1,0,0.0,0.0,130,36,0,0,26.0,7.2,0.0,7,1.4,0.054,7,0.5,0,0,20,10,5
normal4.pcapng,NORMAL,15.0,3,4,0.8,5220.75,5672.532,0,0,0.0,0.0,0.0,0,0,0,1,1,1,1,0,1,0,0.0,0.0,4,0,0,0,0.8,0.0,0.0,0,0.0,0.0,0,0.0,0,0,1,1,1
normal4.pcapng,NORMAL,20.0,4,124,24.8,197.839,261.821,0,0,0.0,0.0,0.0,0,0,0,3,3,2,2,0,0,0,0.0,0.0,120,4,0,0,24.0,0.8,0.0,24,4.8,0.2,24,0.5,0,0,27,24,2
normal4.pcapng,NORMAL,25.0,5,1177,235.4,1111.993,1956.722,0,0,0.0,0.0,0.0,0,0,0,14,14,2,2,0,0,0,0.0,0.0,683,488,6,0,136.6,97.6,1.2,17,3.4,0.025,17,0.5,0,0,39,12,13
normal4.pcapng,NORMAL,30.0,6,87,17.4,307.264,405.465,0,0,0.0,0.0,0.0,0,0,0,5,5,2,2,0,0,0,0.0,0.0,68,15,4,0,13.6,3.0,0.8,3,0.6,0.044,3,0.5,0,0,9,3,4
normal4.pcapng,NORMAL,35.0,7,1429,285.8,862.546,764.643,0,0,0.0,0.0,0.0,0,0,0,12,12,2,2,0,0,0,0.0,0.0,328,1101,0,0,65.6,220.2,0.0,7,1.4,0.021,7,0.5,0,0,29,7,11
normal4.pcapng,NORMAL,40.0,8,4,0.8,319,228.429,0,0,0.0,0.0,0.0,0,0,0,2,2,2,2,0,0,0,0.0,0.0,0,2,2,0,0.0,0.4,0.4,0,0.0,0.0,0,0.0,0,0,1,1,1
normal4.pcapng,NORMAL,45.0,9,10,2.0,888.4,2030.947,0,0,0.0,0.0,0.0,0,0,0,4,4,3,2,0,0,0,0.0,0.0,10,0,0,0,2.0,0.0,0.0,0,0.0,0.0,0,0.0,0,0,6,3,2
normal4.pcapng,NORMAL,50.0,10,12,2.4,285.75,377.255,0,0,0.0,0.0,0.0,0,0,0,4,4,2,2,0,0,0,0.0,0.0,0,10,2,0,0.0,2.0,0.4,0,0.0,0.0,0,0.0,0,0,4,1,3
normal4.pcapng,NORMAL,55.0,11,570,114.0,707.125,881.933,0,0,0.0,0.0,0.0,0,0,0,14,14,2,2,0,0,0,0.0,0.0,429,141,0,0,85.8,28.2,0.0,4,0.8,0.009,4,0.5,0,0,29,9,13
normal4.pcapng,NORMAL,60.0,12,1767,353.4,1556.192,3711.52,0,0,0.0,0.0,0.0,0,0,0,12,12,2,2,0,0,0,0.0,0.0,305,1462,0,0,61.0,292.4,0.0,8,1.6,0.026,8,0.5,0,0,24,6,11
normal4.pcapng,NORMAL,65.0,13,505,101.0,1301.933,338.894,0,0,0.0,0.0,0.0,0,0,0,4,4,2,2,0,0,0,0.0,0.0,8,497,0,0,1.6,99.4,0.0,0,0.0,0.0,0,0.0,0,0,7,3,3
normal4.pcapng,NORMAL,70.0,14,668,133.6,1957.837,4207.335,0,0,0.0,0.0,0.0,0,0,0,9,9,3,2,0,0,0,0.0,0.0,145,523,0,0,29.0,104.6,0.0,1,0.2,0.007,1,0.5,0,0,13,2,7
normal4.pcapng,NORMAL,75.0,15,2358,471.6,1919.812,4501.832,0,0,0.0,0.0,0.0,0,0,0,11,11,2,2,0,0,0,0.0,0.0,360,1998,0,0,72.0,399.6,0.0,2,0.4,0.006,2,0.5,0,0,19,3,10
normal4.pcapng,NORMAL,80.0,16,64,12.8,340.219,488.418,1,0,0.2,0.0,0.0,1,1,0,9,9,3,2,0,0,0,0.0,0.0,26,37,0,0,5.2,7.4,0.0,0,0.0,0.0,0,0.0,0,0,10,2,8
normal4.pcapng,NORMAL,85.0,17,128,25.6,819.562,618.744,0,0,0.0,0.0,0.0,0,0,0,9,9,2,2,0,0,0,0.0,0.0,16,112,0,0,3.2,22.4,0.0,0,0.0,0.0,0,0.0,0,0,12,3,8
normal4.pcapng,NORMAL,90.0,18,1355,271.0,1030.709,586.037,0,0,0.0,0.0,0.0,0,0,0,16,16,2,2,0,0,0,0.0,0.0,145,1210,0,0,29.0,242.0,0.0,7,1.4,0.048,7,0.5,0,0,27,6,15
normal4.pcapng,NORMAL,95.0,19,853,170.6,1101.658,532.512,0,0,0.0,0.0,0.0,0,0,0,11,11,2,2,0,0,0,0.0,0.0,6,847,0,0,1.2,169.4,0.0,0,0.0,0.0,0,0.0,0,0,13,2,10
normal4.pcapng,NORMAL,100.0,20,78,15.6,451.808,568.547,0,0,0.0,0.0,0.0,0,0,0,6,6,2,2,0,0,0,0.0,0.0,4,74,0,0,0.8,14.8,0.0,0,0.0,0.0,0,0.0,0,0,6,1,5
normal4.pcapng,NORMAL,105.0,21,13,2.6,293.846,473.926,0,0,0.0,0.0,0.0,0,0,0,4,4,2,2,0,0,0,0.0,0.0,4,9,0,0,0.8,1.8,0.0,0,0.0,0.0,0,0.0,0,0,4,1,3
recon.pcapng,RECON,0.008,0,8227,1645.4,1057.011,630.346,1314,6,262.8,1.2,0.005,7,592,0,31,35,8,13,0,7,1314,262.8,0.16,367,6508,5,27,73.4,1301.6,1.0,10,2.0,0.027,9,0.526,0,0,55,16,34
recon.pcapng,RECON,5.008,1,1947,389.4,647.728,2411.477,1078,1,215.6,0.2,0.001,2,521,0,21,24,3,8,0,0,1077,215.4,0.553,382,463,0,23,76.4,92.6,0.0,10,2.0,0.026,7,0.588,0,0,37,7,23
recon.pcapng,RECON,10.008,2,672,134.4,305.503,528.948,460,0,92.0,0.0,0.0,1,224,0,10,13,2,7,0,0,461,92.2,0.686,30,157,0,25,6.0,31.4,0.0,0,0.0,0.0,0,0.0,0,0,15,4,12
recon.pcapng,RECON,15.008,3,4254,850.8,1010.435,754.273,450,0,90.0,0.0,0.0,1,244,0,28,36,6,17,0,5,450,90.0,0.106,322,3452,5,25,64.4,690.4,1.0,11,2.2,0.034,11,0.5,0,0,48,10,35
recon.pcapng,RECON,20.008,4,3245,649.0,592.465,1106.899,1371,0,274.2,0.0,0.0,1,646,0,29,34,6,13,0,0,1371,274.2,0.422,644,1201,4,25,128.8,240.2,0.8,19,3.8,0.03,16,0.543,0,0,47,11,33
recon.pcapng,RECON,25.008,5,4451,890.2,977.756,1281.015,1165,0,233.0,0.0,0.0,1,494,0,16,19,2,7,0,0,1166,233.2,0.262,198,3063,0,25,39.6,612.6,0.0,1,0.2,0.005,1,0.5,0,0,22,5,18
recon.pcapng,RECON,30.008,6,1399,279.8,1904.721,4508.124,108,0,21.6,0.0,0.0,1,102,0,23,31,6,17,0,0,108,21.6,0.077,436,828,5,22,87.2,165.6,1.0,4,0.8,0.009,4,0.5,0,0,40,7,30
recon.pcapng,RECON,35.008,7,1481,296.2,525.291,644.647,818,0,163.6,0.0,0.0,1,358,0,15,17,2,7,0,0,818,163.6,0.552,38,603,0,22,7.6,120.6,0.0,0,0.0,0.0,0,0.0,0,0,18,3,16
recon.pcapng,RECON,40.008,8,1274,254.8,1035.874,594.706,180,0,36.0,0.0,0.0,1,123,0,14,15,2,5,0,0,180,36.0,0.141,45,1045,0,4,9.0,209.0,0.0,0,0.0,0.0,0,0.0,0,0,20,4,14
recon1.pcapng,RECON,0.0,0,587,117.4,46.532,27.506,536,3,107.2,0.6,0.006,4,253,0,3,10,6,13,0,0,534,106.8,0.91,0,15,2,31,0.0,3.0,0.4,0,0.0,0.0,0,0.0,0,0,5,4,9
recon1.pcapng,RECON,5.0,1,283,56.6,49.611,38.143,243,0,48.6,0.0,0.0,1,182,0,2,5,3,9,0,0,243,48.6,0.859,0,9,1,30,0.0,1.8,0.2,0,0.0,0.0,0,0.0,0,0,4,3,4
recon1.pcapng,RECON,10.0,2,760,152.0,44.143,9.993,718,0,143.6,0.0,0.0,1,249,0,2,9,3,12,0,0,719,143.8,0.946,0,11,1,30,0.0,2.2,0.2,0,0.0,0.0,0,0.0,0,0,2,2,8
recon1.pcapng,RECON,15.0,3,450,90.0,47.036,30.715,409,0,81.8,0.0,0.0,1,229,0,3,9,4,13,0,0,409,81.8,0.909,0,12,2,27,0.0,2.4,0.4,0,0.0,0.0,0,0.0,0,0,5,4,8
recon1.pcapng,RECON,20.0,4,367,73.4,44.82,11.164,339,1,67.8,0.2,0.003,2,208,0,1,4,3,8,0,0,339,67.8,0.924,0,6,0,21,0.0,1.2,0.0,0,0.0,0.0,0,0.0,0,0,2,2,4
recon2.pcapng,RECON,0.0,0,442,88.4,911.038,637.493,34,1,6.8,0.2,0.029,2,35,0,16,26,5,17,0,4,34,6.8,0.077,29,373,2,3,5.8,74.6,0.4,0,0.0,0.0,0,0.0,0,0,36,15,25
recon2.pcapng,RECON,5.0,1,2167,433.4,532.955,648.371,1184,10,236.8,2.0,0.008,11,505,0,17,19,13,18,0,9,1176,235.2,0.543,55,894,3,21,11.0,178.8,0.6,0,0.0,0.0,0,0.0,0,0,23,5,18
recon2.pcapng,RECON,10.0,2,2114,422.8,384.688,584.815,1376,4,275.2,0.8,0.003,5,647,0,27,31,6,10,0,3,1376,275.2,0.651,92,615,1,26,18.4,123.0,0.2,0,0.0,0.0,0,0.0,0,0,32,5,30
recon2.pcapng,RECON,15.0,3,594,118.8,66.636,134.718,440,1,88.0,0.2,0.002,2,243,0,25,28,3,8,0,0,440,88.0,0.741,103,25,0,25,20.6,5.0,0.0,0,0.0,0.0,0,0.0,0,0,36,5,27
recon2.pcapng,RECON,20.0,4,992,198.4,45.706,22.29,916,0,183.2,0.0,0.0,1,400,0,12,20,5,17,0,0,916,183.2,0.923,27,20,3,26,5.4,4.0,0.6,0,0.0,0.0,0,0.0,0,0,15,6,19
recon2.pcapng,RECON,25.0,5,603,120.6,46.08,13.67,542,0,108.4,0.0,0.0,1,367,0,14,19,5,13,0,0,542,108.4,0.899,39,10,3,9,7.8,2.0,0.6,0,0.0,0.0,0,0.0,0,0,20,5,18
mitmnew.pcapng,MITM,0.0,0,38,7.6,1060.605,1142.872,0,0,0.0,0.0,0.0,0,0,0,3,9,3,4,0,2,0,0.0,0.0,22,9,0,7,4.4,1.8,0.0,0,0.0,0.0,0,0.0,0,0,4,2,7
mitmnew.pcapng,MITM,5.0,1,6,1.2,3389.333,5228.084,0,0,0.0,0.0,0.0,0,0,0,3,3,3,2,0,0,0,0.0,0.0,4,2,0,0,0.8,0.4,0.0,0,0.0,0.0,0,0.0,0,0,3,1,1
mitmnew.pcapng,MITM,10.0,2,96,19.2,5256.323,8027.516,0,0,0.0,0.0,0.0,0,0,0,3,13,3,2,0,0,0,0.0,0.0,94,2,0,0,18.8,0.4,0.0,0,0.0,0.0,0,0.0,0,0,3,1,11
mitmnew.pcapng,MITM,15.0,3,79,15.8,5583.684,7952.664,0,0,0.0,0.0,0.0,0,0,0,3,10,3,2,0,0,0,0.0,0.0,77,2,0,0,15.4,0.4,0.0,0,0.0,0.0,0,0.0,0,0,3,1,8
mitmnew.pcapng,MITM,20.0,4,16,3.2,1054.125,720.712,0,0,0.0,0.0,0.0,0,0,0,3,6,3,2,0,0,0,0.0,0.0,14,2,0,0,2.8,0.4,0.0,0,0.0,0.0,0,0.0,0,0,3,1,4
mitmnew.pcapng,MITM,25.0,5,4,0.8,67.5,17.685,1,1,0.2,0.2,1.0,2,2,0,2,2,2,2,0,1,0,0.0,0.0,0,2,0,0,0.0,0.4,0.0,0,0.0,0.0,0,0.0,0,0,2,1,1
mitmnew.pcapng,MITM,30.0,6,2,0.4,84,0.0,0,0,0.0,0.0,0.0,0,0,0,2,2,2,2,0,0,0,0.0,0.0,0,2,0,0,0.0,0.4,0.0,0,0.0,0.0,0,0.0,0,0,2,1,1
mitmnew.pcapng,MITM,35.0,7,2,0.4,84,0.0,0,0,0.0,0.0,0.0,0,0,0,2,2,2,2,0,0,0,0.0,0.0,0,2,0,0,0.0,0.4,0.0,0,0.0,0.0,0,0.0,0,0,2,1,1
mitmnew.pcapng,MITM,40.0,8,2,0.4,84,0.0,0,0,0.0,0.0,0.0,0,0,0,2,2,2,2,0,0,0,0.0,0.0,0,2,0,0,0.0,0.4,0.0,0,0.0,0.0,0,0.0,0,0,2,1,1
mitmnew.pcapng,MITM,45.0,9,2,0.4,84,0.0,0,0,0.0,0.0,0.0,0,0,0,2,2,2,2,0,0,0,0.0,0.0,0,2,0,0,0.0,0.4,0.0,0,0.0,0.0,0,0.0,0,0,2,1,1
mitmnew.pcapng,MITM,50.0,10,2,0.4,84,0.0,0,0,0.0,0.0,0.0,0,0,0,2,2,2,2,0,0,0,0.0,0.0,0,2,0,0,0.0,0.4,0.0,0,0.0,0.0,0,0.0,0,0,2,1,1
mitmnew.pcapng,MITM,55.0,11,2,0.4,84,0.0,0,0,0.0,0.0,0.0,0,0,0,2,2,2,2,0,0,0,0.0,0.0,0,2,0,0,0.0,0.4,0.0,0,0.0,0.0,0,0.0,0,0,2,1,1
mitmnew.pcapng,MITM,60.0,12,2,0.4,84,0.0,0,0,0.0,0.0,0.0,0,0,0,2,2,2,2,0,0,0,0.0,0.0,0,2,0,0,0.0,0.4,0.0,0,0.0,0.0,0,0.0,0,0,2,1,1
mitmnew.pcapng,MITM,65.0,13,4,0.8,67.5,17.685,1,1,0.2,0.2,1.0,2,2,0,2,2,2,2,0,0,0,0.0,0.0,0,2,0,0,0.0,0.4,0.0,0,0.0,0.0,0,0.0,0,0,2,1,1
mitmnew.pcapng,MITM,70.0,14,28,5.6,493.357,1132.444,0,6,0.0,1.2,0.0,2,2,0,5,5,3,4,1,2,0,0.0,0.0,12,6,2,2,2.4,1.2,0.4,0,0.0,0.0,0,0.0,0,0,5,1,2
mitmnew.pcapng,MITM,75.0,15,45,9.0,66.889,12.102,1,11,0.2,2.2,11.0,3,3,0,7,7,3,3,1,0,0,0.0,0.0,28,2,3,0,5.6,0.4,0.6,0,0.0,0.0,0,0.0,0,0,8,2,4
mitmnew.pcapng,MITM,80.0,16,49,9.8,67.837,19.757,0,10,0.0,2.0,0.0,2,2,0,5,4,3,3,1,0,0,0.0,0.0,36,2,1,0,7.2,0.4,0.2,4,0.8,0.111,2,0.667,0,0,5,1,2
mitmnew.pcapng,MITM,85.0,17,37,7.4,67.378,10.604,0,10,0.0,2.0,0.0,2,2,0,8,8,3,3,1,0,0,0.0,0.0,20,6,1,0,4.0,1.2,0.2,0,0.0,0.0,0,0.0,0,0,9,3,5
mitmnew.pcapng,MITM,90.0,18,45,9.0,74.356,44.697,0,10,0.0,2.0,0.0,2,2,0,9,9,3,3,1,0,0,0.0,0.0,28,6,1,0,5.6,1.2,0.2,0,0.0,0.0,0,0.0,0,0,10,3,6
mitmnew.pcapng,MITM,95.0,19,17,3.4,65.412,10.533,0,10,0.0,2.0,0.0,2,2,0,4,4,3,3,1,0,0,0.0,0.0,4,2,1,0,0.8,0.4,0.2,0,0.0,0.0,0,0.0,0,0,4,1,2
mitmnew.pcapng,MITM,100.0,20,461,92.2,311.462,738.008,1,11,0.2,2.2,11.0,3,3,0,12,12,3,3,2,0,0,0.0,0.0,383,66,0,0,76.6,13.2,0.0,0,0.0,0.0,6,0.0,0,0,29,17,9
mitmnew.pcapng,MITM,105.0,21,114,22.8,383.868,1169.315,0,10,0.0,2.0,0.0,2,2,0,14,14,3,3,1,0,0,0.0,0.0,90,14,0,0,18.0,2.8,0.0,0,0.0,0.0,0,0.0,0,0,16,5,11
mitmnew.pcapng,MITM,110.0,22,140,28.0,112.514,201.926,1,11,0.2,2.2,11.0,3,3,0,13,12,3,3,1,0,0,0.0,0.0,114,14,0,0,22.8,2.8,0.0,4,0.8,0.035,4,0.5,0,0,17,6,9
mitmnew.pcapng,MITM,115.0,23,192,38.4,205.865,408.409,0,10,0.0,2.0,0.0,2,2,0,11,10,3,3,1,0,0,0.0,0.0,156,26,0,0,31.2,5.2,0.0,6,1.2,0.038,6,0.5,0,0,20,8,7
mitmnew.pcapng,MITM,120.0,24,84,16.8,70.667,31.27,0,10,0.0,2.0,0.0,2,2,0,17,16,3,3,1,0,0,0.0,0.0,64,10,0,0,12.8,2.0,0.0,0,0.0,0.0,0,0.0,0,0,19,6,13
mitmnew.pcapng,MITM,125.0,25,250,50.0,307.036,739.601,0,8,0.0,1.6,0.0,2,2,0,49,12,3,3,2,0,0,0.0,0.0,236,6,0,0,47.2,1.2,0.0,2,0.4,0.008,10,0.167,0,0,36,4,9
mitmnew.pcapng,MITM,130.0,26,1333,266.6,342.536,778.462,0,0,0.0,0.0,0.0,0,0,0,26,22,3,3,1,0,0,0.0,0.0,1233,100,0,0,246.6,20.0,0.0,8,1.6,0.006,38,0.174,0,0,40,4,21
mitmnew.pcapng,MITM,135.0,27,449,89.8,265.786,872.305,1,1,0.2,0.2,1.0,2,2,0,12,12,3,3,1,0,0,0.0,0.0,445,2,0,0,89.0,0.4,0.0,8,1.6,0.018,16,0.333,0,0,17,5,11
mitmnew.pcapng,MITM,140.0,28,108,21.6,128.241,196.748,0,0,0.0,0.0,0.0,0,0,0,9,7,3,3,1,0,0,0.0,0.0,104,4,0,0,20.8,0.8,0.0,4,0.8,0.038,6,0.4,0,0,13,4,6
mitmnew.pcapng,MITM,145.0,29,104,20.8,154.327,234.418,1,1,0.2,0.2,1.0,2,2,0,11,7,3,3,1,0,0,0.0,0.0,100,2,0,0,20.0,0.4,0.0,0,0.0,0.0,2,0.0,0,0,15,4,6
mitmnew1.pcapng,MITM,0.0,0,30,6.0,82.4,53.339,1,1,0.2,0.2,1.0,2,2,0,10,9,3,3,1,3,0,0.0,0.0,20,8,0,0,4.0,1.6,0.0,0,0.0,0.0,0,0.0,0,0,11,3,6
mitmnew1.pcapng,MITM,5.0,1,90,18.0,69.533,20.18,0,0,0.0,0.0,0.0,0,0,0,10,8,3,3,1,0,0,0.0,0.0,88,2,0,0,17.6,0.4,0.0,4,0.8,0.045,0,1.0,0,0,11,4,5
mitmnew1.pcapng,MITM,10.0,2,14,2.8,62.571,9.507,0,0,0.0,0.0,0.0,0,0,0,6,5,3,3,1,0,0,0.0,0.0,12,2,0,0,2.4,0.4,0.0,0,0.0,0.0,0,0.0,0,0,7,2,2
mitmnew1.pcapng,MITM,15.0,3,116,23.2,66.371,14.007,0,0,0.0,0.0,0.0,0,0,0,14,11,3,3,1,0,0,0.0,0.0,112,4,0,0,22.4,0.8,0.0,0,0.0,0.0,4,0.0,0,0,16,4,8
mitmnew1.pcapng,MITM,20.0,4,214,42.8,429.78,1230.988,0,0,0.0,0.0,0.0,0,0,0,11,10,3,3,1,0,0,0.0,0.0,196,18,0,0,39.2,3.6,0.0,0,0.0,0.0,2,0.0,0,0,18,4,7
mitmnew1.pcapng,MITM,25.0,5,28,5.6,148.643,206.419,0,10,0.0,2.0,0.0,2,2,0,5,5,3,4,1,2,0,0.0,0.0,16,2,0,0,3.2,0.4,0.0,0,0.0,0.0,0,0.0,0,0,6,2,2
mitmnew1.pcapng,MITM,30.0,6,63,12.6,70.571,18.614,0,10,0.0,2.0,0.0,2,2,0,7,8,4,4,2,1,0,0.0,0.0,46,6,1,0,9.2,1.2,0.2,2,0.4,0.043,2,0.5,0,0,7,2,3
mitmnew1.pcapng,MITM,35.0,7,53,10.6,68.358,18.147,2,12,0.4,2.4,6.0,3,3,0,12,11,4,4,3,1,0,0.0,0.0,30,8,1,0,6.0,1.6,0.2,0,0.0,0.0,0,0.0,0,0,12,4,7
mitmnew1.pcapng,MITM,40.0,8,95,19.0,306.4,443.393,1,11,0.2,2.2,11.0,4,4,0,7,9,4,4,2,0,0,0.0,0.0,12,68,3,0,2.4,13.6,0.6,0,0.0,0.0,0,0.0,0,0,7,3,3
mitmnew1.pcapng,MITM,45.0,9,67,13.4,113.612,100.793,0,11,0.0,2.2,0.0,2,3,0,10,10,4,4,3,0,0,0.0,0.0,24,30,2,0,4.8,6.0,0.4,0,0.0,0.0,0,0.0,0,0,13,4,6
mitmnew1.pcapng,MITM,50.0,10,146,29.2,300.637,721.579,0,10,0.0,2.0,0.0,2,2,0,7,8,4,4,2,0,0,0.0,0.0,103,32,1,0,20.6,6.4,0.2,2,0.4,0.019,2,0.5,0,0,11,4,3
mitmnew1.pcapng,MITM,55.0,11,56,11.2,66,8.324,0,10,0.0,2.0,0.0,2,2,0,12,12,4,4,2,0,0,0.0,0.0,40,6,0,0,8.0,1.2,0.0,0,0.0,0.0,0,0.0,0,0,12,5,8
mitmnew1.pcapng,MITM,60.0,12,57,11.4,68.333,16.403,0,10,0.0,2.0,0.0,2,2,0,8,9,4,4,2,0,0,0.0,0.0,36,10,1,0,7.2,2.0,0.2,2,0.4,0.056,2,0.5,0,0,8,3,4
mitmnew1.pcapng,MITM,65.0,13,52,10.4,70.808,42.016,0,6,0.0,1.2,0.0,2,2,0,13,12,4,4,3,0,0,0.0,0.0,38,8,0,0,7.6,1.6,0.0,0,0.0,0.0,0,0.0,0,0,13,4,8
mitmnew2.pcapng,MITM,0.0,0,34,6.8,65.176,9.525,0,0,0.0,0.0,0.0,0,0,0,11,7,3,3,1,3,0,0.0,0.0,30,4,0,0,6.0,0.8,0.0,0,0.0,0.0,0,0.0,0,0,13,4,4
mitmnew2.pcapng,MITM,5.0,1,136,27.2,218.044,366.175,1,1,0.2,0.2,1.0,2,2,0,9,7,3,3,1,0,0,0.0,0.0,72,62,0,0,14.4,12.4,0.0,0,0.0,0.0,4,0.0,0,0,12,3,5
mitmnew2.pcapng,MITM,10.0,2,48,9.6,77.083,46.229,0,0,0.0,0.0,0.0,0,0,0,7,7,3,3,1,0,0,0.0,0.0,42,6,0,0,8.4,1.2,0.0,2,0.4,0.048,0,1.0,0,0,8,3,4
mitmnew2.pcapng,MITM,15.0,3,70,14.0,68.4,16.34,0,0,0.0,0.0,0.0,0,0,0,9,9,3,3,1,0,0,0.0,0.0,68,2,0,0,13.6,0.4,0.0,0,0.0,0.0,2,0.0,0,0,10,4,6
mitmnew2.pcapng,MITM,20.0,4,70,14.0,74.143,39.29,0,0,0.0,0.0,0.0,0,0,0,11,10,3,3,1,0,0,0.0,0.0,66,4,0,0,13.2,0.8,0.0,0,0.0,0.0,4,0.0,0,0,14,5,7
mitmnew2.pcapng,MITM,25.0,5,24,4.8,65.125,6.735,0,0,0.0,0.0,0.0,0,0,0,9,7,3,3,1,0,0,0.0,0.0,20,4,0,0,4.0,0.8,0.0,0,0.0,0.0,0,0.0,0,0,10,2,4
mitmnew2.pcapng,MITM,30.0,6,78,15.6,66.641,34.841,1,7,0.2,1.4,7.0,3,3,0,18,14,3,4,2,3,0,0.0,0.0,62,8,0,0,12.4,1.6,0.0,0,0.0,0.0,0,0.0,0,0,19,4,11
mitmnew2.pcapng,MITM,35.0,7,48,9.6,65,9.062,0,10,0.0,2.0,0.0,2,2,0,8,8,3,4,1,0,0,0.0,0.0,36,2,0,0,7.2,0.4,0.0,0,0.0,0.0,0,0.0,0,0,9,4,5
mitmnew2.pcapng,MITM,40.0,8,20,4.0,62.5,7.56,0,10,0.0,2.0,0.0,2,2,0,4,4,3,4,1,0,0,0.0,0.0,8,2,0,0,1.6,0.4,0.0,0,0.0,0.0,0,0.0,0,0,4,1,1
mitmnew2.pcapng,MITM,45.0,9,92,18.4,244.609,367.354,0,11,0.0,2.2,0.0,2,3,0,10,11,4,4,3,1,0,0.0,0.0,34,46,1,0,6.8,9.2,0.2,0,0.0,0.0,0,0.0,0,0,11,4,6
mitmnew2.pcapng,MITM,50.0,10,80,16.0,91.325,87.788,2,12,0.4,2.4,6.0,4,4,0,10,10,4,4,2,0,0,0.0,0.0,46,20,0,0,9.2,4.0,0.0,2,0.4,0.043,2,0.5,0,0,12,5,7
mitmnew2.pcapng,MITM,55.0,11,46,9.2,189.065,369.137,0,10,0.0,2.0,0.0,2,2,0,7,7,3,4,1,0,0,0.0,0.0,26,10,0,0,5.2,2.0,0.0,0,0.0,0.0,0,0.0,0,0,8,3,4
mitmnew2.pcapng,MITM,60.0,12,36,7.2,62.694,8.134,0,10,0.0,2.0,0.0,2,2,0,8,6,3,4,1,0,0,0.0,0.0,24,2,0,0,4.8,0.4,0.0,0,0.0,0.0,0,0.0,0,0,7,2,3
mitmnew2.pcapng,MITM,65.0,13,774,154.8,363.366,921.466,0,5,0.0,1.0,0.0,2,3,0,18,15,4,4,3,0,0,0.0,0.0,742,26,1,0,148.4,5.2,0.2,4,0.8,0.005,18,0.182,0,0,22,5,10
mitmnew2.pcapng,MITM,70.0,14,214,42.8,298.654,626.901,0,0,0.0,0.0,0.0,0,0,0,4,4,3,3,1,0,0,0.0,0.0,214,0,0,0,42.8,0.0,0.0,2,0.4,0.009,4,0.333,0,0,5,2,3
ban.pcapng,ARP_DOS,0.0,0,38,7.6,69.026,15.814,0,20,0.0,4.0,0.0,1,4,0,4,3,4,6,0,0,0,0.0,0.0,1,12,0,5,0.2,2.4,0.0,0,0.0,0.0,0,0.0,0,0,3,1,1
ban.pcapng,ARP_DOS,5.0,1,59,11.8,133.339,119.109,0,20,0.0,4.0,0.0,1,4,0,5,5,5,10,0,0,0,0.0,0.0,1,22,0,16,0.2,4.4,0.0,0,0.0,0.0,0,0.0,0,0,4,1,2
ban.pcapng,ARP_DOS,10.0,2,54,10.8,115.259,118.808,0,20,0.0,4.0,0.0,1,4,0,4,5,4,12,0,0,0,0.0,0.0,0,20,0,14,0.0,4.0,0.0,0,0.0,0.0,0,0.0,0,0,3,2,3
ban.pcapng,ARP_DOS,15.0,3,15,3.0,158.8,239.763,1,1,0.2,0.2,1.0,2,2,0,4,4,4,6,0,0,0,0.0,0.0,0,3,0,10,0.0,0.6,0.0,0,0.0,0.0,0,0.0,0,0,3,1,1
ban.pcapng,ARP_DOS,20.0,4,16,3.2,151.5,182.442,0,0,0.0,0.0,0.0,0,0,0,5,4,5,6,0,0,0,0.0,0.0,0,4,0,12,0.0,0.8,0.0,0,0.0,0.0,0,0.0,0,0,3,1,2
ban.pcapng,ARP_DOS,25.0,5,13,2.6,79.615,42.028,1,1,0.2,0.2,1.0,2,2,0,3,3,4,4,0,0,0,0.0,0.0,0,4,0,7,0.0,0.8,0.0,0,0.0,0.0,0,0.0,0,0,3,1,1
ban.pcapng,ARP_DOS,30.0,6,26,5.2,84.346,31.176,0,8,0.0,1.6,0.0,1,4,0,3,4,4,10,0,0,0,0.0,0.0,0,7,0,11,0.0,1.4,0.0,0,0.0,0.0,0,0.0,0,0,4,2,2
ban.pcapng,ARP_DOS,35.0,7,41,8.2,94.463,88.605,0,20,0.0,4.0,0.0,1,4,0,4,4,4,8,0,0,0,0.0,0.0,2,8,4,7,0.4,1.6,0.8,0,0.0,0.0,0,0.0,0,0,3,2,3
ban.pcapng,ARP_DOS,40.0,8,39,7.8,142.795,289.842,0,16,0.0,3.2,0.0,1,4,0,5,5,5,9,0,0,0,0.0,0.0,7,8,2,6,1.4,1.6,0.4,0,0.0,0.0,0,0.0,2,0,5,3,3
ban.pcapng,ARP_DOS,45.0,9,46,9.2,88.152,82.065,0,20,0.0,4.0,0.0,1,4,0,4,4,4,6,0,0,0,0.0,0.0,1,16,4,5,0.2,3.2,0.8,0,0.0,0.0,0,0.0,0,0,3,2,3
ban.pcapng,ARP_DOS,50.0,10,42,8.4,69.952,17.223,0,20,0.0,4.0,0.0,1,4,0,4,4,4,8,0,0,0,0.0,0.0,1,15,0,6,0.2,3.0,0.0,0,0.0,0.0,0,0.0,0,0,4,3,3
ban.pcapng,ARP_DOS,55.0,11,43,8.6,70.349,16.046,0,20,0.0,4.0,0.0,1,4,0,4,3,4,6,0,0,0,0.0,0.0,2,16,0,5,0.4,3.2,0.0,0,0.0,0.0,0,0.0,0,0,3,2,2
ban.pcapng,ARP_DOS,60.0,12,32,6.4,63.875,15.473,2,18,0.4,3.6,9.0,2,6,0,4,2,4,6,0,0,0,0.0,0.0,0,7,0,5,0.0,1.4,0.0,0,0.0,0.0,0,0.0,0,0,2,1,1
ban.pcapng,ARP_DOS,65.0,13,8,1.6,64.625,21.236,0,0,0.0,0.0,0.0,0,0,0,2,2,2,2,0,0,0,0.0,0.0,0,2,0,6,0.0,0.4,0.0,0,0.0,0.0,0,0.0,0,0,2,1,1
ban1.pcapng,ARP_DOS,0.0,0,2,0.4,84,0.0,0,0,0.0,0.0,0.0,0,0,0,2,2,2,2,0,1,0,0.0,0.0,0,2,0,0,0.0,0.4,0.0,0,0.0,0.0,0,0.0,0,0,2,1,1
ban1.pcapng,ARP_DOS,5.0,1,4,0.8,67.5,17.685,1,1,0.2,0.2,1.0,2,2,0,2,2,2,2,0,1,0,0.0,0.0,0,2,0,0,0.0,0.4,0.0,0,0.0,0.0,0,0.0,0,0,2,1,1
ban1.pcapng,ARP_DOS,10.0,2,62,12.4,72.935,12.539,0,30,0.0,6.0,0.0,1,15,0,2,2,2,17,0,1,0,0.0,0.0,0,32,0,0,0.0,6.4,0.0,0,0.0,0.0,0,0.0,0,0,17,16,1
ban1.pcapng,ARP_DOS,15.0,3,77,15.4,60.623,3.817,0,75,0.0,15.0,0.0,1,15,0,2,2,2,17,0,0,0,0.0,0.0,0,2,0,0,0.0,0.4,0.0,0,0.0,0.0,0,0.0,0,0,2,1,1
ban1.pcapng,ARP_DOS,20.0,4,80,16.0,68.275,47.194,0,75,0.0,15.0,0.0,1,15,0,3,3,3,17,0,1,0,0.0,0.0,0,2,3,0,0.0,0.4,0.6,0,0.0,0.0,0,0.0,3,0,2,1,1
ban1.pcapng,ARP_DOS,25.0,5,88,17.6,133.068,250.091,0,75,0.0,15.0,0.0,1,15,0,4,3,4,17,0,1,0,0.0,0.0,0,2,11,0,0.0,0.4,2.2,0,0.0,0.0,0,0.0,11,0,2,1,1
ban1.pcapng,ARP_DOS,30.0,6,79,15.8,94.076,207.602,0,75,0.0,15.0,0.0,1,15,0,3,3,3,17,0,0,0,0.0,0.0,0,2,2,0,0.0,0.4,0.4,0,0.0,0.0,0,0.0,2,0,2,1,1
ban1.pcapng,ARP_DOS,35.0,7,79,15.8,60.38,4.306,1,76,0.2,15.2,76.0,2,17,0,2,2,2,17,1,0,0,0.0,0.0,0,2,0,0,0.0,0.4,0.0,0,0.0,0.0,0,0.0,0,0,2,1,1
ban1.pcapng,ARP_DOS,40.0,8,77,15.4,60.623,3.817,0,75,0.0,15.0,0.0,1,15,0,2,2,2,17,0,0,0,0.0,0.0,0,2,0,0,0.0,0.4,0.0,0,0.0,0.0,0,0.0,0,0,2,1,1
ban1.pcapng,ARP_DOS,45.0,9,78,15.6,60.744,3.937,0,75,0.0,15.0,0.0,1,15,0,3,3,3,17,0,0,0,0.0,0.0,0,2,1,0,0.0,0.4,0.2,0,0.0,0.0,0,0.0,1,0,2,1,1
ban1.pcapng,ARP_DOS,50.0,10,77,15.4,60.623,3.817,0,75,0.0,15.0,0.0,1,15,0,2,2,2,17,0,0,0,0.0,0.0,0,2,0,0,0.0,0.4,0.0,0,0.0,0.0,0,0.0,0,0,2,1,1
ban1.pcapng,ARP_DOS,55.0,11,70,14.0,109.771,177.839,0,60,0.0,12.0,0.0,1,15,0,4,3,4,17,0,1,0,0.0,0.0,0,2,8,0,0.0,0.4,1.6,0,0.0,0.0,0,0.0,8,0,2,1,1
ban1.pcapng,ARP_DOS,60.0,12,86,17.2,163.326,338.305,0,75,0.0,15.0,0.0,1,15,0,3,3,3,17,1,0,0,0.0,0.0,0,2,9,0,0.0,0.4,1.8,0,0.0,0.0,0,0.0,9,0,2,1,1
ban1.pcapng,ARP_DOS,65.0,13,19,3.8,1418.158,1462.992,2,1,0.4,0.2,0.5,3,2,0,2,5,5,2,0,2,0,0.0,0.0,14,0,2,0,2.8,0.0,0.4,0,0.0,0.0,0,0.0,2,0,1,1,4
ban2.pcapng,ARP_DOS,2.077,0,1500,300.0,1240.969,425.909,0,0,0.0,0.0,0.0,0,0,0,5,5,2,2,0,1,0,0.0,0.0,6,1494,0,0,1.2,298.8,0.0,0,0.0,0.0,0,0.0,0,0,7,3,4
ban2.pcapng,ARP_DOS,7.077,1,1101,220.2,1172,498.711,0,45,0.0,9.0,0.0,1,15,0,3,3,2,17,0,1,0,0.0,0.0,0,1056,0,0,0.0,211.2,0.0,0,0.0,0.0,0,0.0,0,0,19,16,2
ban2.pcapng,ARP_DOS,12.077,2,1460,292.0,1188.757,483.621,0,75,0.0,15.0,0.0,1,15,0,5,5,2,17,0,0,0,0.0,0.0,2,1383,0,0,0.4,276.6,0.0,0,0.0,0.0,0,0.0,0,0,6,2,4
ban2.pcapng,ARP_DOS,17.077,3,214,42.8,813.117,652.402,0,75,0.0,15.0,0.0,1,15,0,5,5,3,17,0,1,0,0.0,0.0,4,133,2,0,0.8,26.6,0.4,0,0.0,0.0,0,0.0,2,0,6,2,3
ban2.pcapng,ARP_DOS,22.077,4,2495,499.0,1210.184,462.868,1,76,0.2,15.2,76.0,2,17,0,9,8,4,17,1,2,0,0.0,0.0,29,2386,3,0,5.8,477.2,0.6,2,0.4,0.069,2,0.5,3,0,11,3,6
ban2.pcapng,ARP_DOS,27.077,5,1577,315.4,1057.687,621.751,0,75,0.0,15.0,0.0,1,15,0,12,11,4,17,0,1,0,0.0,0.0,109,1389,4,0,21.8,277.8,0.8,0,0.0,0.0,0,0.0,4,0,16,3,9
ban2.pcapng,ARP_DOS,32.077,6,1483,296.6,1192.251,478.178,0,75,0.0,15.0,0.0,1,15,0,7,7,3,17,0,0,0,0.0,0.0,2,1399,7,0,0.4,279.8,1.4,0,0.0,0.0,0,0.0,7,0,7,2,5
ban2.pcapng,ARP_DOS,37.077,7,1256,251.2,1162.63,494.506,0,75,0.0,15.0,0.0,1,15,0,8,7,4,17,0,0,0,0.0,0.0,6,1172,3,0,1.2,234.4,0.6,0,0.0,0.0,0,0.0,3,0,10,3,5
ban2.pcapng,ARP_DOS,42.077,8,1730,346.0,1227.454,444.506,0,60,0.0,12.0,0.0,1,15,0,5,5,3,17,0,1,0,0.0,0.0,2,1667,1,0,0.4,333.4,0.2,0,0.0,0.0,0,0.0,1,0,5,2,3
